Metric,Pre_VAR_Mean,Com_VAR_Mean,T_Statistic,P_Value
yellow_cards_per_90,1.7583333333333335,1.8715789473684208,-1.8659523373996454,0.06390174589617033
red_cards_per_90,0.07236842105263155,0.08789473684210522,-1.5382083235625599,0.12599793665771336
penalties_won_per_90,0.1100877192982456,0.11157894736842099,-0.13351934342169441,0.8939525776050103
